INSERT INTO linha(_id, nome, codigo) VALUES (1, 'A. BRANCA / FAZ. RIO GRANDE', 'G12');
INSERT INTO ponto(_id, nome, tipo_dia, valido_a_partir_de, linha_id) VALUES (1, 'AREIA BRANCA', 1, 2004-03-01, 1);
INSERT INTO horario(_id, hora, ponto_id) VALUES (1, '06:30', 1);
INSERT INTO ponto(_id, nome, tipo_dia, valido_a_partir_de, linha_id) VALUES (2, 'TERMINAL FAZENDA RIO GRANDE', 1, 2004-03-01, 1);
INSERT INTO horario(_id, hora, ponto_id) VALUES (2, '16:25', 2);
INSERT INTO horario(_id, hora, ponto_id) VALUES (3, '17:25', 2);
INSERT INTO ponto(_id, nome, tipo_dia, valido_a_partir_de, linha_id) VALUES (3, 'AREIA BRANCA', 2, 2004-03-07, 1);
INSERT INTO horario(_id, hora, ponto_id) VALUES (4, '06:30', 3);
INSERT INTO ponto(_id, nome, tipo_dia, valido_a_partir_de, linha_id) VALUES (4, 'TERMINAL FAZENDA RIO GRANDE', 2, 2004-03-07, 1);
INSERT INTO horario(_id, hora, ponto_id) VALUES (5, '17:25', 4);
INSERT INTO linha(_id, nome, codigo) VALUES (2, 'A. MUNHOZ / J. BOTÂNICO', '464');
INSERT INTO ponto(_id, nome, tipo_dia, valido_a_partir_de, linha_id) VALUES (5, 'ALCIDES MUNHOZ', 1, 2014-02-10, 2);
INSERT INTO horario(_id, hora, ponto_id) VALUES (6, '05:58', 5);
INSERT INTO horario(_id, hora, ponto_id) VALUES (7, '06:23', 5);
INSERT INTO horario(_id, hora, ponto_id) VALUES (8, '06:48', 5);
INSERT INTO horario(_id, hora, ponto_id) VALUES (9, '07:12', 5);
INSERT INTO horario(_id, hora, ponto_id) VALUES (10, '07:35', 5);
INSERT INTO horario(_id, hora, ponto_id) VALUES (11, '08:00', 5);
INSERT INTO horario(_id, hora, ponto_id) VALUES (12, '08:26', 5);
INSERT INTO horario(_id, hora, ponto_id) VALUES (13, '08:55', 5);
INSERT INTO horario(_id, hora, ponto_id) VALUES (14, '09:24', 5);
INSERT INTO horario(_id, hora, ponto_id) VALUES (15, '09:52', 5);
INSERT INTO horario(_id, hora, ponto_id) VALUES (16, '10:20', 5);
INSERT INTO horario(_id, hora, ponto_id) VALUES (17, '10:48', 5);
INSERT INTO horario(_id, hora, ponto_id) VALUES (18, '11:16', 5);
INSERT INTO horario(_id, hora, ponto_id) VALUES (19, '11:45', 5);
INSERT INTO horario(_id, hora, ponto_id) VALUES (20, '12:14', 5);
INSERT INTO horario(_id, hora, ponto_id) VALUES (21, '12:42', 5);
INSERT INTO horario(_id, hora, ponto_id) VALUES (22, '13:10', 5);
INSERT INTO horario(_id, hora, ponto_id) VALUES (23, '13:38', 5);
INSERT INTO horario(_id, hora, ponto_id) VALUES (24, '14:06', 5);
INSERT INTO horario(_id, hora, ponto_id) VALUES (25, '14:35', 5);
INSERT INTO horario(_id, hora, ponto_id) VALUES (26, '15:04', 5);
INSERT INTO horario(_id, hora, ponto_id) VALUES (27, '15:32', 5);
INSERT INTO horario(_id, hora, ponto_id) VALUES (28, '16:00', 5);
INSERT INTO horario(_id, hora, ponto_id) VALUES (29, '16:28', 5);
INSERT INTO horario(_id, hora, ponto_id) VALUES (30, '16:56', 5);
INSERT INTO horario(_id, hora, ponto_id) VALUES (31, '17:21', 5);
INSERT INTO horario(_id, hora, ponto_id) VALUES (32, '17:51', 5);
INSERT INTO horario(_id, hora, ponto_id) VALUES (33, '18:20', 5);
INSERT INTO horario(_id, hora, ponto_id) VALUES (34, '18:50', 5);
INSERT INTO horario(_id, hora, ponto_id) VALUES (35, '19:28', 5);
INSERT INTO horario(_id, hora, ponto_id) VALUES (36, '20:08', 5);
INSERT INTO horario(_id, hora, ponto_id) VALUES (37, '20:38', 5);
INSERT INTO horario(_id, hora, ponto_id) VALUES (38, '21:08', 5);
INSERT INTO horario(_id, hora, ponto_id) VALUES (39, '21:38', 5);
INSERT INTO horario(_id, hora, ponto_id) VALUES (40, '22:07', 5);
INSERT INTO horario(_id, hora, ponto_id) VALUES (41, '22:37', 5);
INSERT INTO horario(_id, hora, ponto_id) VALUES (42, '23:07', 5);
INSERT INTO horario(_id, hora, ponto_id) VALUES (43, '23:40', 5);
INSERT INTO ponto(_id, nome, tipo_dia, valido_a_partir_de, linha_id) VALUES (6, 'RUA JOSE LOUREIRO', 1, 2014-02-10, 2);
INSERT INTO horario(_id, hora, ponto_id) VALUES (44, '05:55', 6);
INSERT INTO horario(_id, hora, ponto_id) VALUES (45, '06:17', 6);
INSERT INTO horario(_id, hora, ponto_id) VALUES (46, '06:40', 6);
INSERT INTO horario(_id, hora, ponto_id) VALUES (47, '07:04', 6);
INSERT INTO horario(_id, hora, ponto_id) VALUES (48, '07:28', 6);
INSERT INTO horario(_id, hora, ponto_id) VALUES (49, '07:53', 6);
INSERT INTO horario(_id, hora, ponto_id) VALUES (50, '08:18', 6);
INSERT INTO horario(_id, hora, ponto_id) VALUES (51, '08:46', 6);
INSERT INTO horario(_id, hora, ponto_id) VALUES (52, '09:15', 6);
INSERT INTO horario(_id, hora, ponto_id) VALUES (53, '09:44', 6);
INSERT INTO horario(_id, hora, ponto_id) VALUES (54, '10:12', 6);
INSERT INTO horario(_id, hora, ponto_id) VALUES (55, '10:40', 6);
INSERT INTO horario(_id, hora, ponto_id) VALUES (56, '11:08', 6);
INSERT INTO horario(_id, hora, ponto_id) VALUES (57, '11:36', 6);
INSERT INTO horario(_id, hora, ponto_id) VALUES (58, '12:05', 6);
INSERT INTO horario(_id, hora, ponto_id) VALUES (59, '12:33', 6);
INSERT INTO horario(_id, hora, ponto_id) VALUES (60, '13:01', 6);
INSERT INTO horario(_id, hora, ponto_id) VALUES (61, '13:28', 6);
INSERT INTO horario(_id, hora, ponto_id) VALUES (62, '13:56', 6);
INSERT INTO horario(_id, hora, ponto_id) VALUES (63, '14:24', 6);
INSERT INTO horario(_id, hora, ponto_id) VALUES (64, '14:52', 6);
INSERT INTO horario(_id, hora, ponto_id) VALUES (65, '15:22', 6);
INSERT INTO horario(_id, hora, ponto_id) VALUES (66, '15:50', 6);
INSERT INTO horario(_id, hora, ponto_id) VALUES (67, '16:18', 6);
INSERT INTO horario(_id, hora, ponto_id) VALUES (68, '16:46', 6);
INSERT INTO horario(_id, hora, ponto_id) VALUES (69, '17:14', 6);
INSERT INTO horario(_id, hora, ponto_id) VALUES (70, '17:38', 6);
INSERT INTO horario(_id, hora, ponto_id) VALUES (71, '18:10', 6);
INSERT INTO horario(_id, hora, ponto_id) VALUES (72, '18:40', 6);
INSERT INTO horario(_id, hora, ponto_id) VALUES (73, '19:10', 6);
INSERT INTO horario(_id, hora, ponto_id) VALUES (74, '19:45', 6);
INSERT INTO horario(_id, hora, ponto_id) VALUES (75, '20:20', 6);
INSERT INTO horario(_id, hora, ponto_id) VALUES (76, '20:50', 6);
INSERT INTO horario(_id, hora, ponto_id) VALUES (77, '21:20', 6);
INSERT INTO horario(_id, hora, ponto_id) VALUES (78, '21:50', 6);
INSERT INTO horario(_id, hora, ponto_id) VALUES (79, '22:20', 6);
INSERT INTO horario(_id, hora, ponto_id) VALUES (80, '22:50', 6);
INSERT INTO horario(_id, hora, ponto_id) VALUES (81, '23:20', 6);
INSERT INTO horario(_id, hora, ponto_id) VALUES (82, '23:55', 6);
INSERT INTO ponto(_id, nome, tipo_dia, valido_a_partir_de, linha_id) VALUES (7, 'JARDIM BOTANICO', 1, 2014-02-10, 2);
INSERT INTO horario(_id, hora, ponto_id) VALUES (83, '05:50', 7);
INSERT INTO horario(_id, hora, ponto_id) VALUES (84, '06:13', 7);
INSERT INTO horario(_id, hora, ponto_id) VALUES (85, '06:35', 7);
INSERT INTO horario(_id, hora, ponto_id) VALUES (86, '06:58', 7);
INSERT INTO horario(_id, hora, ponto_id) VALUES (87, '07:20', 7);
INSERT INTO horario(_id, hora, ponto_id) VALUES (88, '07:45', 7);
INSERT INTO horario(_id, hora, ponto_id) VALUES (89, '08:10', 7);
INSERT INTO horario(_id, hora, ponto_id) VALUES (90, '08:38', 7);
INSERT INTO horario(_id, hora, ponto_id) VALUES (91, '09:06', 7);
INSERT INTO horario(_id, hora, ponto_id) VALUES (92, '09:35', 7);
INSERT INTO horario(_id, hora, ponto_id) VALUES (93, '10:04', 7);
INSERT INTO horario(_id, hora, ponto_id) VALUES (94, '10:32', 7);
INSERT INTO horario(_id, hora, ponto_id) VALUES (95, '11:00', 7);
INSERT INTO horario(_id, hora, ponto_id) VALUES (96, '11:28', 7);
INSERT INTO horario(_id, hora, ponto_id) VALUES (97, '11:56', 7);
INSERT INTO horario(_id, hora, ponto_id) VALUES (98, '12:25', 7);
INSERT INTO horario(_id, hora, ponto_id) VALUES (99, '12:54', 7);
INSERT INTO horario(_id, hora, ponto_id) VALUES (100, '13:22', 7);
INSERT INTO horario(_id, hora, ponto_id) VALUES (101, '13:50', 7);
INSERT INTO horario(_id, hora, ponto_id) VALUES (102, '14:18', 7);
INSERT INTO horario(_id, hora, ponto_id) VALUES (103, '14:46', 7);
INSERT INTO horario(_id, hora, ponto_id) VALUES (104, '15:15', 7);
INSERT INTO horario(_id, hora, ponto_id) VALUES (105, '15:44', 7);
INSERT INTO horario(_id, hora, ponto_id) VALUES (106, '16:11', 7);
INSERT INTO horario(_id, hora, ponto_id) VALUES (107, '16:38', 7);
INSERT INTO horario(_id, hora, ponto_id) VALUES (108, '17:06', 7);
INSERT INTO horario(_id, hora, ponto_id) VALUES (109, '17:32', 7);
INSERT INTO horario(_id, hora, ponto_id) VALUES (110, '18:01', 7);
INSERT INTO horario(_id, hora, ponto_id) VALUES (111, '18:32', 7);
INSERT INTO horario(_id, hora, ponto_id) VALUES (112, '19:03', 7);
INSERT INTO horario(_id, hora, ponto_id) VALUES (113, '19:35', 7);
INSERT INTO horario(_id, hora, ponto_id) VALUES (114, '20:05', 7);
INSERT INTO horario(_id, hora, ponto_id) VALUES (115, '20:35', 7);
INSERT INTO horario(_id, hora, ponto_id) VALUES (116, '21:05', 7);
INSERT INTO horario(_id, hora, ponto_id) VALUES (117, '21:35', 7);
INSERT INTO horario(_id, hora, ponto_id) VALUES (118, '22:05', 7);
INSERT INTO horario(_id, hora, ponto_id) VALUES (119, '22:35', 7);
INSERT INTO horario(_id, hora, ponto_id) VALUES (120, '23:05', 7);
INSERT INTO horario(_id, hora, ponto_id) VALUES (121, '23:35', 7);
INSERT INTO ponto(_id, nome, tipo_dia, valido_a_partir_de, linha_id) VALUES (8, 'PRACA TIRADENTES', 1, 2014-02-10, 2);
INSERT INTO horario(_id, hora, ponto_id) VALUES (122, '06:06', 8);
INSERT INTO horario(_id, hora, ponto_id) VALUES (123, '06:32', 8);
INSERT INTO horario(_id, hora, ponto_id) VALUES (124, '06:56', 8);
INSERT INTO horario(_id, hora, ponto_id) VALUES (125, '07:20', 8);
INSERT INTO horario(_id, hora, ponto_id) VALUES (126, '07:45', 8);
INSERT INTO horario(_id, hora, ponto_id) VALUES (127, '08:10', 8);
INSERT INTO horario(_id, hora, ponto_id) VALUES (128, '08:38', 8);
INSERT INTO horario(_id, hora, ponto_id) VALUES (129, '09:06', 8);
INSERT INTO horario(_id, hora, ponto_id) VALUES (130, '09:34', 8);
INSERT INTO horario(_id, hora, ponto_id) VALUES (131, '10:02', 8);
INSERT INTO horario(_id, hora, ponto_id) VALUES (132, '10:30', 8);
INSERT INTO horario(_id, hora, ponto_id) VALUES (133, '10:58', 8);
INSERT INTO horario(_id, hora, ponto_id) VALUES (134, '11:26', 8);
INSERT INTO horario(_id, hora, ponto_id) VALUES (135, '11:55', 8);
INSERT INTO horario(_id, hora, ponto_id) VALUES (136, '12:23', 8);
INSERT INTO horario(_id, hora, ponto_id) VALUES (137, '12:52', 8);
INSERT INTO horario(_id, hora, ponto_id) VALUES (138, '13:20', 8);
INSERT INTO horario(_id, hora, ponto_id) VALUES (139, '13:48', 8);
INSERT INTO horario(_id, hora, ponto_id) VALUES (140, '14:17', 8);
INSERT INTO horario(_id, hora, ponto_id) VALUES (141, '14:46', 8);
INSERT INTO horario(_id, hora, ponto_id) VALUES (142, '15:14', 8);
INSERT INTO horario(_id, hora, ponto_id) VALUES (143, '15:42', 8);
INSERT INTO horario(_id, hora, ponto_id) VALUES (144, '16:10', 8);
INSERT INTO horario(_id, hora, ponto_id) VALUES (145, '16:38', 8);
INSERT INTO horario(_id, hora, ponto_id) VALUES (146, '17:05', 8);
INSERT INTO horario(_id, hora, ponto_id) VALUES (147, '17:32', 8);
INSERT INTO horario(_id, hora, ponto_id) VALUES (148, '18:00', 8);
INSERT INTO horario(_id, hora, ponto_id) VALUES (149, '18:30', 8);
INSERT INTO horario(_id, hora, ponto_id) VALUES (150, '19:00', 8);
INSERT INTO horario(_id, hora, ponto_id) VALUES (151, '19:28', 8);
INSERT INTO horario(_id, hora, ponto_id) VALUES (152, '19:56', 8);
INSERT INTO horario(_id, hora, ponto_id) VALUES (153, '20:26', 8);
INSERT INTO horario(_id, hora, ponto_id) VALUES (154, '20:56', 8);
INSERT INTO horario(_id, hora, ponto_id) VALUES (155, '21:26', 8);
INSERT INTO horario(_id, hora, ponto_id) VALUES (156, '21:55', 8);
INSERT INTO horario(_id, hora, ponto_id) VALUES (157, '22:23', 8);
INSERT INTO horario(_id, hora, ponto_id) VALUES (158, '22:53', 8);
INSERT INTO horario(_id, hora, ponto_id) VALUES (159, '23:23', 8);
INSERT INTO horario(_id, hora, ponto_id) VALUES (160, '23:53', 8);
INSERT INTO ponto(_id, nome, tipo_dia, valido_a_partir_de, linha_id) VALUES (9, 'ALCIDES MUNHOZ', 2, 2014-02-15, 2);
INSERT INTO horario(_id, hora, ponto_id) VALUES (161, '06:00', 9);
INSERT INTO horario(_id, hora, ponto_id) VALUES (162, '06:30', 9);
INSERT INTO horario(_id, hora, ponto_id) VALUES (163, '07:00', 9);
INSERT INTO horario(_id, hora, ponto_id) VALUES (164, '07:30', 9);
INSERT INTO horario(_id, hora, ponto_id) VALUES (165, '08:00', 9);
INSERT INTO horario(_id, hora, ponto_id) VALUES (166, '08:30', 9);
INSERT INTO horario(_id, hora, ponto_id) VALUES (167, '09:00', 9);
INSERT INTO horario(_id, hora, ponto_id) VALUES (168, '09:30', 9);
INSERT INTO horario(_id, hora, ponto_id) VALUES (169, '10:00', 9);
INSERT INTO horario(_id, hora, ponto_id) VALUES (170, '10:30', 9);
INSERT INTO horario(_id, hora, ponto_id) VALUES (171, '11:00', 9);
INSERT INTO horario(_id, hora, ponto_id) VALUES (172, '11:30', 9);
INSERT INTO horario(_id, hora, ponto_id) VALUES (173, '12:00', 9);
INSERT INTO horario(_id, hora, ponto_id) VALUES (174, '12:30', 9);
INSERT INTO horario(_id, hora, ponto_id) VALUES (175, '13:00', 9);
INSERT INTO horario(_id, hora, ponto_id) VALUES (176, '13:30', 9);
INSERT INTO horario(_id, hora, ponto_id) VALUES (177, '14:00', 9);
INSERT INTO horario(_id, hora, ponto_id) VALUES (178, '14:30', 9);
INSERT INTO horario(_id, hora, ponto_id) VALUES (179, '15:00', 9);
INSERT INTO horario(_id, hora, ponto_id) VALUES (180, '15:30', 9);
INSERT INTO horario(_id, hora, ponto_id) VALUES (181, '16:00', 9);
INSERT INTO horario(_id, hora, ponto_id) VALUES (182, '16:30', 9);
INSERT INTO horario(_id, hora, ponto_id) VALUES (183, '17:00', 9);
INSERT INTO horario(_id, hora, ponto_id) VALUES (184, '17:30', 9);
INSERT INTO horario(_id, hora, ponto_id) VALUES (185, '18:00', 9);
INSERT INTO horario(_id, hora, ponto_id) VALUES (186, '18:30', 9);
INSERT INTO horario(_id, hora, ponto_id) VALUES (187, '19:00', 9);
INSERT INTO horario(_id, hora, ponto_id) VALUES (188, '19:30', 9);
INSERT INTO horario(_id, hora, ponto_id) VALUES (189, '20:00', 9);
INSERT INTO horario(_id, hora, ponto_id) VALUES (190, '20:30', 9);
INSERT INTO horario(_id, hora, ponto_id) VALUES (191, '21:00', 9);
INSERT INTO horario(_id, hora, ponto_id) VALUES (192, '21:30', 9);
INSERT INTO horario(_id, hora, ponto_id) VALUES (193, '22:00', 9);
INSERT INTO horario(_id, hora, ponto_id) VALUES (194, '22:30', 9);
INSERT INTO horario(_id, hora, ponto_id) VALUES (195, '23:00', 9);
INSERT INTO horario(_id, hora, ponto_id) VALUES (196, '23:30', 9);
INSERT INTO ponto(_id, nome, tipo_dia, valido_a_partir_de, linha_id) VALUES (10, 'RUA JOSE LOUREIRO', 2, 2014-02-15, 2);
INSERT INTO horario(_id, hora, ponto_id) VALUES (197, '06:14', 10);
INSERT INTO horario(_id, hora, ponto_id) VALUES (198, '06:44', 10);
INSERT INTO horario(_id, hora, ponto_id) VALUES (199, '07:14', 10);
INSERT INTO horario(_id, hora, ponto_id) VALUES (200, '07:44', 10);
INSERT INTO horario(_id, hora, ponto_id) VALUES (201, '08:14', 10);
INSERT INTO horario(_id, hora, ponto_id) VALUES (202, '08:44', 10);
INSERT INTO horario(_id, hora, ponto_id) VALUES (203, '09:14', 10);
INSERT INTO horario(_id, hora, ponto_id) VALUES (204, '09:44', 10);
INSERT INTO horario(_id, hora, ponto_id) VALUES (205, '10:14', 10);
INSERT INTO horario(_id, hora, ponto_id) VALUES (206, '10:44', 10);
INSERT INTO horario(_id, hora, ponto_id) VALUES (207, '11:14', 10);
INSERT INTO horario(_id, hora, ponto_id) VALUES (208, '11:44', 10);
INSERT INTO horario(_id, hora, ponto_id) VALUES (209, '12:14', 10);
INSERT INTO horario(_id, hora, ponto_id) VALUES (210, '12:44', 10);
INSERT INTO horario(_id, hora, ponto_id) VALUES (211, '13:14', 10);
INSERT INTO horario(_id, hora, ponto_id) VALUES (212, '13:44', 10);
INSERT INTO horario(_id, hora, ponto_id) VALUES (213, '14:14', 10);
INSERT INTO horario(_id, hora, ponto_id) VALUES (214, '14:44', 10);
INSERT INTO horario(_id, hora, ponto_id) VALUES (215, '15:14', 10);
INSERT INTO horario(_id, hora, ponto_id) VALUES (216, '15:44', 10);
INSERT INTO horario(_id, hora, ponto_id) VALUES (217, '16:14', 10);
INSERT INTO horario(_id, hora, ponto_id) VALUES (218, '16:44', 10);
INSERT INTO horario(_id, hora, ponto_id) VALUES (219, '17:14', 10);
INSERT INTO horario(_id, hora, ponto_id) VALUES (220, '17:44', 10);
INSERT INTO horario(_id, hora, ponto_id) VALUES (221, '18:14', 10);
INSERT INTO horario(_id, hora, ponto_id) VALUES (222, '18:44', 10);
INSERT INTO horario(_id, hora, ponto_id) VALUES (223, '19:14', 10);
INSERT INTO horario(_id, hora, ponto_id) VALUES (224, '19:44', 10);
INSERT INTO horario(_id, hora, ponto_id) VALUES (225, '20:14', 10);
INSERT INTO horario(_id, hora, ponto_id) VALUES (226, '20:44', 10);
INSERT INTO horario(_id, hora, ponto_id) VALUES (227, '21:14', 10);
INSERT INTO horario(_id, hora, ponto_id) VALUES (228, '21:44', 10);
INSERT INTO horario(_id, hora, ponto_id) VALUES (229, '22:14', 10);
INSERT INTO horario(_id, hora, ponto_id) VALUES (230, '22:44', 10);
INSERT INTO horario(_id, hora, ponto_id) VALUES (231, '23:14', 10);
INSERT INTO horario(_id, hora, ponto_id) VALUES (232, '23:45', 10);
INSERT INTO ponto(_id, nome, tipo_dia, valido_a_partir_de, linha_id) VALUES (11, 'JARDIM BOTANICO', 2, 2014-02-15, 2);
INSERT INTO horario(_id, hora, ponto_id) VALUES (233, '06:00', 11);
INSERT INTO horario(_id, hora, ponto_id) VALUES (234, '06:30', 11);
INSERT INTO horario(_id, hora, ponto_id) VALUES (235, '07:00', 11);
INSERT INTO horario(_id, hora, ponto_id) VALUES (236, '07:30', 11);
INSERT INTO horario(_id, hora, ponto_id) VALUES (237, '08:00', 11);
INSERT INTO horario(_id, hora, ponto_id) VALUES (238, '08:30', 11);
INSERT INTO horario(_id, hora, ponto_id) VALUES (239, '09:00', 11);
INSERT INTO horario(_id, hora, ponto_id) VALUES (240, '09:30', 11);
INSERT INTO horario(_id, hora, ponto_id) VALUES (241, '10:00', 11);
INSERT INTO horario(_id, hora, ponto_id) VALUES (242, '10:30', 11);
INSERT INTO horario(_id, hora, ponto_id) VALUES (243, '11:00', 11);
INSERT INTO horario(_id, hora, ponto_id) VALUES (244, '11:30', 11);
INSERT INTO horario(_id, hora, ponto_id) VALUES (245, '12:00', 11);
INSERT INTO horario(_id, hora, ponto_id) VALUES (246, '12:30', 11);
INSERT INTO horario(_id, hora, ponto_id) VALUES (247, '13:00', 11);
INSERT INTO horario(_id, hora, ponto_id) VALUES (248, '13:30', 11);
INSERT INTO horario(_id, hora, ponto_id) VALUES (249, '14:00', 11);
INSERT INTO horario(_id, hora, ponto_id) VALUES (250, '14:30', 11);
INSERT INTO horario(_id, hora, ponto_id) VALUES (251, '15:00', 11);
INSERT INTO horario(_id, hora, ponto_id) VALUES (252, '15:30', 11);
INSERT INTO horario(_id, hora, ponto_id) VALUES (253, '16:00', 11);
INSERT INTO horario(_id, hora, ponto_id) VALUES (254, '16:30', 11);
INSERT INTO horario(_id, hora, ponto_id) VALUES (255, '17:00', 11);
INSERT INTO horario(_id, hora, ponto_id) VALUES (256, '17:30', 11);
INSERT INTO horario(_id, hora, ponto_id) VALUES (257, '18:00', 11);
INSERT INTO horario(_id, hora, ponto_id) VALUES (258, '18:30', 11);
INSERT INTO horario(_id, hora, ponto_id) VALUES (259, '19:00', 11);
INSERT INTO horario(_id, hora, ponto_id) VALUES (260, '19:30', 11);
INSERT INTO horario(_id, hora, ponto_id) VALUES (261, '20:00', 11);
INSERT INTO horario(_id, hora, ponto_id) VALUES (262, '20:30', 11);
INSERT INTO horario(_id, hora, ponto_id) VALUES (263, '21:00', 11);
INSERT INTO horario(_id, hora, ponto_id) VALUES (264, '21:30', 11);
INSERT INTO horario(_id, hora, ponto_id) VALUES (265, '22:00', 11);
INSERT INTO horario(_id, hora, ponto_id) VALUES (266, '22:30', 11);
INSERT INTO horario(_id, hora, ponto_id) VALUES (267, '23:00', 11);
INSERT INTO horario(_id, hora, ponto_id) VALUES (268, '23:30', 11);
INSERT INTO ponto(_id, nome, tipo_dia, valido_a_partir_de, linha_id) VALUES (12, 'PRACA TIRADENTES', 2, 2014-02-15, 2);
INSERT INTO horario(_id, hora, ponto_id) VALUES (269, '06:16', 12);
INSERT INTO horario(_id, hora, ponto_id) VALUES (270, '06:46', 12);
INSERT INTO horario(_id, hora, ponto_id) VALUES (271, '07:16', 12);
INSERT INTO horario(_id, hora, ponto_id) VALUES (272, '07:46', 12);
INSERT INTO horario(_id, hora, ponto_id) VALUES (273, '08:16', 12);
INSERT INTO horario(_id, hora, ponto_id) VALUES (274, '08:46', 12);
INSERT INTO horario(_id, hora, ponto_id) VALUES (275, '09:16', 12);
INSERT INTO horario(_id, hora, ponto_id) VALUES (276, '09:46', 12);
INSERT INTO horario(_id, hora, ponto_id) VALUES (277, '10:16', 12);
INSERT INTO horario(_id, hora, ponto_id) VALUES (278, '10:46', 12);
INSERT INTO horario(_id, hora, ponto_id) VALUES (279, '11:16', 12);
INSERT INTO horario(_id, hora, ponto_id) VALUES (280, '11:46', 12);
INSERT INTO horario(_id, hora, ponto_id) VALUES (281, '12:16', 12);
INSERT INTO horario(_id, hora, ponto_id) VALUES (282, '12:46', 12);
INSERT INTO horario(_id, hora, ponto_id) VALUES (283, '13:16', 12);
INSERT INTO horario(_id, hora, ponto_id) VALUES (284, '13:46', 12);
INSERT INTO horario(_id, hora, ponto_id) VALUES (285, '14:16', 12);
INSERT INTO horario(_id, hora, ponto_id) VALUES (286, '14:46', 12);
INSERT INTO horario(_id, hora, ponto_id) VALUES (287, '15:16', 12);
INSERT INTO horario(_id, hora, ponto_id) VALUES (288, '15:46', 12);
INSERT INTO horario(_id, hora, ponto_id) VALUES (289, '16:16', 12);
INSERT INTO horario(_id, hora, ponto_id) VALUES (290, '16:46', 12);
INSERT INTO horario(_id, hora, ponto_id) VALUES (291, '17:16', 12);
INSERT INTO horario(_id, hora, ponto_id) VALUES (292, '17:46', 12);
INSERT INTO horario(_id, hora, ponto_id) VALUES (293, '18:16', 12);
INSERT INTO horario(_id, hora, ponto_id) VALUES (294, '18:46', 12);
INSERT INTO horario(_id, hora, ponto_id) VALUES (295, '19:16', 12);
INSERT INTO horario(_id, hora, ponto_id) VALUES (296, '19:46', 12);
INSERT INTO horario(_id, hora, ponto_id) VALUES (297, '20:16', 12);
INSERT INTO horario(_id, hora, ponto_id) VALUES (298, '20:46', 12);
INSERT INTO horario(_id, hora, ponto_id) VALUES (299, '21:16', 12);
INSERT INTO horario(_id, hora, ponto_id) VALUES (300, '21:46', 12);
INSERT INTO horario(_id, hora, ponto_id) VALUES (301, '22:16', 12);
INSERT INTO horario(_id, hora, ponto_id) VALUES (302, '22:46', 12);
INSERT INTO horario(_id, hora, ponto_id) VALUES (303, '23:16', 12);
INSERT INTO horario(_id, hora, ponto_id) VALUES (304, '23:45', 12);
INSERT INTO ponto(_id, nome, tipo_dia, valido_a_partir_de, linha_id) VALUES (13, 'ALCIDES MUNHOZ', 3, 2014-02-16, 2);
INSERT INTO horario(_id, hora, ponto_id) VALUES (305, '06:00', 13);
INSERT INTO horario(_id, hora, ponto_id) VALUES (306, '06:30', 13);
INSERT INTO horario(_id, hora, ponto_id) VALUES (307, '07:00', 13);
INSERT INTO horario(_id, hora, ponto_id) VALUES (308, '07:30', 13);
INSERT INTO horario(_id, hora, ponto_id) VALUES (309, '08:00', 13);
INSERT INTO horario(_id, hora, ponto_id) VALUES (310, '08:30', 13);
INSERT INTO horario(_id, hora, ponto_id) VALUES (311, '09:00', 13);
INSERT INTO horario(_id, hora, ponto_id) VALUES (312, '09:30', 13);
INSERT INTO horario(_id, hora, ponto_id) VALUES (313, '10:00', 13);
INSERT INTO horario(_id, hora, ponto_id) VALUES (314, '10:30', 13);
INSERT INTO horario(_id, hora, ponto_id) VALUES (315, '11:00', 13);
INSERT INTO horario(_id, hora, ponto_id) VALUES (316, '11:30', 13);
INSERT INTO horario(_id, hora, ponto_id) VALUES (317, '12:00', 13);
INSERT INTO horario(_id, hora, ponto_id) VALUES (318, '12:30', 13);
INSERT INTO horario(_id, hora, ponto_id) VALUES (319, '13:00', 13);
INSERT INTO horario(_id, hora, ponto_id) VALUES (320, '13:30', 13);
INSERT INTO horario(_id, hora, ponto_id) VALUES (321, '14:00', 13);
INSERT INTO horario(_id, hora, ponto_id) VALUES (322, '14:30', 13);
INSERT INTO horario(_id, hora, ponto_id) VALUES (323, '15:00', 13);
INSERT INTO horario(_id, hora, ponto_id) VALUES (324, '15:30', 13);
INSERT INTO horario(_id, hora, ponto_id) VALUES (325, '16:00', 13);
INSERT INTO horario(_id, hora, ponto_id) VALUES (326, '16:30', 13);
INSERT INTO horario(_id, hora, ponto_id) VALUES (327, '17:00', 13);
INSERT INTO horario(_id, hora, ponto_id) VALUES (328, '17:30', 13);
INSERT INTO horario(_id, hora, ponto_id) VALUES (329, '18:00', 13);
INSERT INTO horario(_id, hora, ponto_id) VALUES (330, '18:30', 13);
INSERT INTO horario(_id, hora, ponto_id) VALUES (331, '19:00', 13);
INSERT INTO horario(_id, hora, ponto_id) VALUES (332, '19:30', 13);
INSERT INTO horario(_id, hora, ponto_id) VALUES (333, '20:00', 13);
INSERT INTO horario(_id, hora, ponto_id) VALUES (334, '20:30', 13);
INSERT INTO horario(_id, hora, ponto_id) VALUES (335, '21:00', 13);
INSERT INTO horario(_id, hora, ponto_id) VALUES (336, '21:30', 13);
INSERT INTO horario(_id, hora, ponto_id) VALUES (337, '22:00', 13);
INSERT INTO horario(_id, hora, ponto_id) VALUES (338, '22:30', 13);
INSERT INTO horario(_id, hora, ponto_id) VALUES (339, '23:00', 13);
INSERT INTO horario(_id, hora, ponto_id) VALUES (340, '23:30', 13);
INSERT INTO ponto(_id, nome, tipo_dia, valido_a_partir_de, linha_id) VALUES (14, 'RUA JOSE LOUREIRO', 3, 2014-02-16, 2);
INSERT INTO horario(_id, hora, ponto_id) VALUES (341, '06:14', 14);
INSERT INTO horario(_id, hora, ponto_id) VALUES (342, '06:44', 14);
INSERT INTO horario(_id, hora, ponto_id) VALUES (343, '07:14', 14);
INSERT INTO horario(_id, hora, ponto_id) VALUES (344, '07:44', 14);
INSERT INTO horario(_id, hora, ponto_id) VALUES (345, '08:14', 14);
INSERT INTO horario(_id, hora, ponto_id) VALUES (346, '08:44', 14);
INSERT INTO horario(_id, hora, ponto_id) VALUES (347, '09:14', 14);
INSERT INTO horario(_id, hora, ponto_id) VALUES (348, '09:44', 14);
INSERT INTO horario(_id, hora, ponto_id) VALUES (349, '10:14', 14);
INSERT INTO horario(_id, hora, ponto_id) VALUES (350, '10:44', 14);
INSERT INTO horario(_id, hora, ponto_id) VALUES (351, '11:14', 14);
INSERT INTO horario(_id, hora, ponto_id) VALUES (352, '11:44', 14);
INSERT INTO horario(_id, hora, ponto_id) VALUES (353, '12:14', 14);
INSERT INTO horario(_id, hora, ponto_id) VALUES (354, '12:44', 14);
INSERT INTO horario(_id, hora, ponto_id) VALUES (355, '13:14', 14);
INSERT INTO horario(_id, hora, ponto_id) VALUES (356, '13:44', 14);
INSERT INTO horario(_id, hora, ponto_id) VALUES (357, '14:14', 14);
INSERT INTO horario(_id, hora, ponto_id) VALUES (358, '14:44', 14);
INSERT INTO horario(_id, hora, ponto_id) VALUES (359, '15:14', 14);
INSERT INTO horario(_id, hora, ponto_id) VALUES (360, '15:44', 14);
INSERT INTO horario(_id, hora, ponto_id) VALUES (361, '16:14', 14);
INSERT INTO horario(_id, hora, ponto_id) VALUES (362, '16:44', 14);
INSERT INTO horario(_id, hora, ponto_id) VALUES (363, '17:14', 14);
INSERT INTO horario(_id, hora, ponto_id) VALUES (364, '17:44', 14);
INSERT INTO horario(_id, hora, ponto_id) VALUES (365, '18:14', 14);
INSERT INTO horario(_id, hora, ponto_id) VALUES (366, '18:44', 14);
INSERT INTO horario(_id, hora, ponto_id) VALUES (367, '19:14', 14);
INSERT INTO horario(_id, hora, ponto_id) VALUES (368, '19:44', 14);
INSERT INTO horario(_id, hora, ponto_id) VALUES (369, '20:14', 14);
INSERT INTO horario(_id, hora, ponto_id) VALUES (370, '20:44', 14);
INSERT INTO horario(_id, hora, ponto_id) VALUES (371, '21:14', 14);
INSERT INTO horario(_id, hora, ponto_id) VALUES (372, '21:44', 14);
INSERT INTO horario(_id, hora, ponto_id) VALUES (373, '22:14', 14);
INSERT INTO horario(_id, hora, ponto_id) VALUES (374, '22:44', 14);
INSERT INTO horario(_id, hora, ponto_id) VALUES (375, '23:14', 14);
INSERT INTO horario(_id, hora, ponto_id) VALUES (376, '23:45', 14);
INSERT INTO ponto(_id, nome, tipo_dia, valido_a_partir_de, linha_id) VALUES (15, 'JARDIM BOTANICO', 3, 2014-02-16, 2);
INSERT INTO horario(_id, hora, ponto_id) VALUES (377, '06:00', 15);
INSERT INTO horario(_id, hora, ponto_id) VALUES (378, '06:30', 15);
INSERT INTO horario(_id, hora, ponto_id) VALUES (379, '07:00', 15);
INSERT INTO horario(_id, hora, ponto_id) VALUES (380, '07:30', 15);
INSERT INTO horario(_id, hora, ponto_id) VALUES (381, '08:00', 15);
INSERT INTO horario(_id, hora, ponto_id) VALUES (382, '08:30', 15);
INSERT INTO horario(_id, hora, ponto_id) VALUES (383, '09:00', 15);
INSERT INTO horario(_id, hora, ponto_id) VALUES (384, '09:30', 15);
INSERT INTO horario(_id, hora, ponto_id) VALUES (385, '10:00', 15);
INSERT INTO horario(_id, hora, ponto_id) VALUES (386, '10:30', 15);
INSERT INTO horario(_id, hora, ponto_id) VALUES (387, '11:00', 15);
INSERT INTO horario(_id, hora, ponto_id) VALUES (388, '11:30', 15);
INSERT INTO horario(_id, hora, ponto_id) VALUES (389, '12:00', 15);
INSERT INTO horario(_id, hora, ponto_id) VALUES (390, '12:30', 15);
INSERT INTO horario(_id, hora, ponto_id) VALUES (391, '13:00', 15);
INSERT INTO horario(_id, hora, ponto_id) VALUES (392, '13:30', 15);
INSERT INTO horario(_id, hora, ponto_id) VALUES (393, '14:00', 15);
INSERT INTO horario(_id, hora, ponto_id) VALUES (394, '14:30', 15);
INSERT INTO horario(_id, hora, ponto_id) VALUES (395, '15:00', 15);
INSERT INTO horario(_id, hora, ponto_id) VALUES (396, '15:30', 15);
INSERT INTO horario(_id, hora, ponto_id) VALUES (397, '16:00', 15);
INSERT INTO horario(_id, hora, ponto_id) VALUES (398, '16:30', 15);
INSERT INTO horario(_id, hora, ponto_id) VALUES (399, '17:00', 15);
INSERT INTO horario(_id, hora, ponto_id) VALUES (400, '17:30', 15);
INSERT INTO horario(_id, hora, ponto_id) VALUES (401, '18:00', 15);
INSERT INTO horario(_id, hora, ponto_id) VALUES (402, '18:30', 15);
INSERT INTO horario(_id, hora, ponto_id) VALUES (403, '19:00', 15);
INSERT INTO horario(_id, hora, ponto_id) VALUES (404, '19:30', 15);
INSERT INTO horario(_id, hora, ponto_id) VALUES (405, '20:00', 15);
INSERT INTO horario(_id, hora, ponto_id) VALUES (406, '20:30', 15);
INSERT INTO horario(_id, hora, ponto_id) VALUES (407, '21:00', 15);
INSERT INTO horario(_id, hora, ponto_id) VALUES (408, '21:30', 15);
INSERT INTO horario(_id, hora, ponto_id) VALUES (409, '22:00', 15);
INSERT INTO horario(_id, hora, ponto_id) VALUES (410, '22:30', 15);
INSERT INTO horario(_id, hora, ponto_id) VALUES (411, '23:00', 15);
INSERT INTO horario(_id, hora, ponto_id) VALUES (412, '23:30', 15);
INSERT INTO ponto(_id, nome, tipo_dia, valido_a_partir_de, linha_id) VALUES (16, 'PRACA TIRADENTES', 3, 2014-02-16, 2);
INSERT INTO horario(_id, hora, ponto_id) VALUES (413, '06:16', 16);
INSERT INTO horario(_id, hora, ponto_id) VALUES (414, '06:46', 16);
INSERT INTO horario(_id, hora, ponto_id) VALUES (415, '07:16', 16);
INSERT INTO horario(_id, hora, ponto_id) VALUES (416, '07:46', 16);
INSERT INTO horario(_id, hora, ponto_id) VALUES (417, '08:16', 16);
INSERT INTO horario(_id, hora, ponto_id) VALUES (418, '08:46', 16);
INSERT INTO horario(_id, hora, ponto_id) VALUES (419, '09:16', 16);
INSERT INTO horario(_id, hora, ponto_id) VALUES (420, '09:46', 16);
INSERT INTO horario(_id, hora, ponto_id) VALUES (421, '10:16', 16);
INSERT INTO horario(_id, hora, ponto_id) VALUES (422, '10:46', 16);
INSERT INTO horario(_id, hora, ponto_id) VALUES (423, '11:16', 16);
INSERT INTO horario(_id, hora, ponto_id) VALUES (424, '11:46', 16);
INSERT INTO horario(_id, hora, ponto_id) VALUES (425, '12:16', 16);
INSERT INTO horario(_id, hora, ponto_id) VALUES (426, '12:46', 16);
INSERT INTO horario(_id, hora, ponto_id) VALUES (427, '13:16', 16);
INSERT INTO horario(_id, hora, ponto_id) VALUES (428, '13:46', 16);
INSERT INTO horario(_id, hora, ponto_id) VALUES (429, '14:16', 16);
INSERT INTO horario(_id, hora, ponto_id) VALUES (430, '14:46', 16);
INSERT INTO horario(_id, hora, ponto_id) VALUES (431, '15:16', 16);
INSERT INTO horario(_id, hora, ponto_id) VALUES (432, '15:46', 16);
INSERT INTO horario(_id, hora, ponto_id) VALUES (433, '16:16', 16);
INSERT INTO horario(_id, hora, ponto_id) VALUES (434, '16:46', 16);
INSERT INTO horario(_id, hora, ponto_id) VALUES (435, '17:16', 16);
INSERT INTO horario(_id, hora, ponto_id) VALUES (436, '17:46', 16);
INSERT INTO horario(_id, hora, ponto_id) VALUES (437, '18:16', 16);
INSERT INTO horario(_id, hora, ponto_id) VALUES (438, '18:46', 16);
INSERT INTO horario(_id, hora, ponto_id) VALUES (439, '19:16', 16);
INSERT INTO horario(_id, hora, ponto_id) VALUES (440, '19:46', 16);
INSERT INTO horario(_id, hora, ponto_id) VALUES (441, '20:16', 16);
INSERT INTO horario(_id, hora, ponto_id) VALUES (442, '20:46', 16);
INSERT INTO horario(_id, hora, ponto_id) VALUES (443, '21:16', 16);
INSERT INTO horario(_id, hora, ponto_id) VALUES (444, '21:46', 16);
INSERT INTO horario(_id, hora, ponto_id) VALUES (445, '22:16', 16);
INSERT INTO horario(_id, hora, ponto_id) VALUES (446, '22:46', 16);
INSERT INTO horario(_id, hora, ponto_id) VALUES (447, '23:16', 16);
INSERT INTO horario(_id, hora, ponto_id) VALUES (448, '23:45', 16);
INSERT INTO linha(_id, nome, codigo) VALUES (3, 'ABAETÉ', '226');
INSERT INTO ponto(_id, nome, tipo_dia, valido_a_partir_de, linha_id) VALUES (17, 'TERMINAL BOA VISTA', 1, 2011-06-06, 3);
INSERT INTO horario(_id, hora, ponto_id) VALUES (449, '05:25', 17);
INSERT INTO horario(_id, hora, ponto_id) VALUES (450, '05:45', 17);
INSERT INTO horario(_id, hora, ponto_id) VALUES (451, '06:05', 17);
INSERT INTO horario(_id, hora, ponto_id) VALUES (452, '06:17', 17);
INSERT INTO horario(_id, hora, ponto_id) VALUES (453, '06:35', 17);
INSERT INTO horario(_id, hora, ponto_id) VALUES (454, '06:44', 17);
INSERT INTO horario(_id, hora, ponto_id) VALUES (455, '06:53', 17);
INSERT INTO horario(_id, hora, ponto_id) VALUES (456, '07:02', 17);
INSERT INTO horario(_id, hora, ponto_id) VALUES (457, '07:11', 17);
INSERT INTO horario(_id, hora, ponto_id) VALUES (458, '07:20', 17);
INSERT INTO horario(_id, hora, ponto_id) VALUES (459, '07:29', 17);
INSERT INTO horario(_id, hora, ponto_id) VALUES (460, '07:38', 17);
INSERT INTO horario(_id, hora, ponto_id) VALUES (461, '07:47', 17);
INSERT INTO horario(_id, hora, ponto_id) VALUES (462, '07:56', 17);
INSERT INTO horario(_id, hora, ponto_id) VALUES (463, '08:05', 17);
INSERT INTO horario(_id, hora, ponto_id) VALUES (464, '08:23', 17);
INSERT INTO horario(_id, hora, ponto_id) VALUES (465, '08:43', 17);
INSERT INTO horario(_id, hora, ponto_id) VALUES (466, '09:03', 17);
INSERT INTO horario(_id, hora, ponto_id) VALUES (467, '09:23', 17);
INSERT INTO horario(_id, hora, ponto_id) VALUES (468, '09:43', 17);
INSERT INTO horario(_id, hora, ponto_id) VALUES (469, '10:03', 17);
INSERT INTO horario(_id, hora, ponto_id) VALUES (470, '10:23', 17);
INSERT INTO horario(_id, hora, ponto_id) VALUES (471, '10:43', 17);
INSERT INTO horario(_id, hora, ponto_id) VALUES (472, '11:03', 17);
INSERT INTO horario(_id, hora, ponto_id) VALUES (473, '11:23', 17);
INSERT INTO horario(_id, hora, ponto_id) VALUES (474, '11:43', 17);
INSERT INTO horario(_id, hora, ponto_id) VALUES (475, '12:03', 17);
INSERT INTO horario(_id, hora, ponto_id) VALUES (476, '12:23', 17);
INSERT INTO horario(_id, hora, ponto_id) VALUES (477, '12:43', 17);
INSERT INTO horario(_id, hora, ponto_id) VALUES (478, '13:03', 17);
INSERT INTO horario(_id, hora, ponto_id) VALUES (479, '13:23', 17);
INSERT INTO horario(_id, hora, ponto_id) VALUES (480, '13:43', 17);
INSERT INTO horario(_id, hora, ponto_id) VALUES (481, '14:03', 17);
INSERT INTO horario(_id, hora, ponto_id) VALUES (482, '14:23', 17);
INSERT INTO horario(_id, hora, ponto_id) VALUES (483, '14:43', 17);
INSERT INTO horario(_id, hora, ponto_id) VALUES (484, '15:03', 17);
INSERT INTO horario(_id, hora, ponto_id) VALUES (485, '15:23', 17);
INSERT INTO horario(_id, hora, ponto_id) VALUES (486, '15:43', 17);
INSERT INTO horario(_id, hora, ponto_id) VALUES (487, '16:03', 17);
INSERT INTO horario(_id, hora, ponto_id) VALUES (488, '16:23', 17);
INSERT INTO horario(_id, hora, ponto_id) VALUES (489, '16:43', 17);
INSERT INTO horario(_id, hora, ponto_id) VALUES (490, '16:56', 17);
INSERT INTO horario(_id, hora, ponto_id) VALUES (491, '17:09', 17);
INSERT INTO horario(_id, hora, ponto_id) VALUES (492, '17:21', 17);
INSERT INTO horario(_id, hora, ponto_id) VALUES (493, '17:34', 17);
INSERT INTO horario(_id, hora, ponto_id) VALUES (494, '17:47', 17);
INSERT INTO horario(_id, hora, ponto_id) VALUES (495, '17:59', 17);
INSERT INTO horario(_id, hora, ponto_id) VALUES (496, '18:12', 17);
INSERT INTO horario(_id, hora, ponto_id) VALUES (497, '18:25', 17);
INSERT INTO horario(_id, hora, ponto_id) VALUES (498, '18:37', 17);
INSERT INTO horario(_id, hora, ponto_id) VALUES (499, '18:50', 17);
INSERT INTO horario(_id, hora, ponto_id) VALUES (500, '19:03', 17);
INSERT INTO horario(_id, hora, ponto_id) VALUES (501, '19:15', 17);
INSERT INTO horario(_id, hora, ponto_id) VALUES (502, '19:28', 17);
INSERT INTO horario(_id, hora, ponto_id) VALUES (503, '19:41', 17);
INSERT INTO horario(_id, hora, ponto_id) VALUES (504, '19:57', 17);
INSERT INTO horario(_id, hora, ponto_id) VALUES (505, '20:21', 17);
INSERT INTO horario(_id, hora, ponto_id) VALUES (506, '20:41', 17);
INSERT INTO horario(_id, hora, ponto_id) VALUES (507, '21:01', 17);
INSERT INTO horario(_id, hora, ponto_id) VALUES (508, '21:21', 17);
INSERT INTO horario(_id, hora, ponto_id) VALUES (509, '21:41', 17);
INSERT INTO horario(_id, hora, ponto_id) VALUES (510, '22:01', 17);
INSERT INTO horario(_id, hora, ponto_id) VALUES (511, '22:21', 17);
INSERT INTO horario(_id, hora, ponto_id) VALUES (512, '22:41', 17);
INSERT INTO horario(_id, hora, ponto_id) VALUES (513, '23:01', 17);
INSERT INTO horario(_id, hora, ponto_id) VALUES (514, '23:25', 17);
INSERT INTO horario(_id, hora, ponto_id) VALUES (515, '23:50', 17);
INSERT INTO horario(_id, hora, ponto_id) VALUES (516, '00:15', 17);
INSERT INTO ponto(_id, nome, tipo_dia, valido_a_partir_de, linha_id) VALUES (18, 'BAIRRO ABAETE', 1, 2011-06-06, 3);
INSERT INTO horario(_id, hora, ponto_id) VALUES (517, '05:05', 18);
INSERT INTO horario(_id, hora, ponto_id) VALUES (518, '05:25', 18);
INSERT INTO horario(_id, hora, ponto_id) VALUES (519, '05:45', 18);
INSERT INTO horario(_id, hora, ponto_id) VALUES (520, '06:00', 18);
INSERT INTO horario(_id, hora, ponto_id) VALUES (521, '06:15', 18);
INSERT INTO horario(_id, hora, ponto_id) VALUES (522, '06:25', 18);
INSERT INTO horario(_id, hora, ponto_id) VALUES (523, '06:34', 18);
INSERT INTO horario(_id, hora, ponto_id) VALUES (524, '06:43', 18);
INSERT INTO horario(_id, hora, ponto_id) VALUES (525, '06:52', 18);
INSERT INTO horario(_id, hora, ponto_id) VALUES (526, '07:01', 18);
INSERT INTO horario(_id, hora, ponto_id) VALUES (527, '07:10', 18);
INSERT INTO horario(_id, hora, ponto_id) VALUES (528, '07:19', 18);
INSERT INTO horario(_id, hora, ponto_id) VALUES (529, '07:28', 18);
INSERT INTO horario(_id, hora, ponto_id) VALUES (530, '07:37', 18);
INSERT INTO horario(_id, hora, ponto_id) VALUES (531, '07:46', 18);
INSERT INTO horario(_id, hora, ponto_id) VALUES (532, '07:55', 18);
INSERT INTO horario(_id, hora, ponto_id) VALUES (533, '08:04', 18);
INSERT INTO horario(_id, hora, ponto_id) VALUES (534, '08:15', 18);
INSERT INTO horario(_id, hora, ponto_id) VALUES (535, '08:25', 18);
INSERT INTO horario(_id, hora, ponto_id) VALUES (536, '08:43', 18);
INSERT INTO horario(_id, hora, ponto_id) VALUES (537, '09:03', 18);
INSERT INTO horario(_id, hora, ponto_id) VALUES (538, '09:23', 18);
INSERT INTO horario(_id, hora, ponto_id) VALUES (539, '09:43', 18);
INSERT INTO horario(_id, hora, ponto_id) VALUES (540, '10:03', 18);
INSERT INTO horario(_id, hora, ponto_id) VALUES (541, '10:23', 18);
INSERT INTO horario(_id, hora, ponto_id) VALUES (542, '10:43', 18);
INSERT INTO horario(_id, hora, ponto_id) VALUES (543, '11:03', 18);
INSERT INTO horario(_id, hora, ponto_id) VALUES (544, '11:23', 18);
INSERT INTO horario(_id, hora, ponto_id) VALUES (545, '11:43', 18);
INSERT INTO horario(_id, hora, ponto_id) VALUES (546, '12:03', 18);
INSERT INTO horario(_id, hora, ponto_id) VALUES (547, '12:23', 18);
INSERT INTO horario(_id, hora, ponto_id) VALUES (548, '12:43', 18);
INSERT INTO horario(_id, hora, ponto_id) VALUES (549, '13:03', 18);
INSERT INTO horario(_id, hora, ponto_id) VALUES (550, '13:23', 18);
INSERT INTO horario(_id, hora, ponto_id) VALUES (551, '13:43', 18);
INSERT INTO horario(_id, hora, ponto_id) VALUES (552, '14:03', 18);
INSERT INTO horario(_id, hora, ponto_id) VALUES (553, '14:23', 18);
INSERT INTO horario(_id, hora, ponto_id) VALUES (554, '14:43', 18);
INSERT INTO horario(_id, hora, ponto_id) VALUES (555, '15:03', 18);
INSERT INTO horario(_id, hora, ponto_id) VALUES (556, '15:23', 18);
INSERT INTO horario(_id, hora, ponto_id) VALUES (557, '15:43', 18);
INSERT INTO horario(_id, hora, ponto_id) VALUES (558, '16:03', 18);
INSERT INTO horario(_id, hora, ponto_id) VALUES (559, '16:23', 18);
INSERT INTO horario(_id, hora, ponto_id) VALUES (560, '16:47', 18);
INSERT INTO horario(_id, hora, ponto_id) VALUES (561, '17:03', 18);
INSERT INTO horario(_id, hora, ponto_id) VALUES (562, '17:16', 18);
INSERT INTO horario(_id, hora, ponto_id) VALUES (563, '17:29', 18);
INSERT INTO horario(_id, hora, ponto_id) VALUES (564, '17:41', 18);
INSERT INTO horario(_id, hora, ponto_id) VALUES (565, '17:54', 18);
INSERT INTO horario(_id, hora, ponto_id) VALUES (566, '18:07', 18);
INSERT INTO horario(_id, hora, ponto_id) VALUES (567, '18:19', 18);
INSERT INTO horario(_id, hora, ponto_id) VALUES (568, '18:32', 18);
INSERT INTO horario(_id, hora, ponto_id) VALUES (569, '18:45', 18);
INSERT INTO horario(_id, hora, ponto_id) VALUES (570, '18:57', 18);
INSERT INTO horario(_id, hora, ponto_id) VALUES (571, '19:10', 18);
INSERT INTO horario(_id, hora, ponto_id) VALUES (572, '19:23', 18);
INSERT INTO horario(_id, hora, ponto_id) VALUES (573, '19:35', 18);
INSERT INTO horario(_id, hora, ponto_id) VALUES (574, '20:01', 18);
INSERT INTO horario(_id, hora, ponto_id) VALUES (575, '20:21', 18);
INSERT INTO horario(_id, hora, ponto_id) VALUES (576, '20:41', 18);
INSERT INTO horario(_id, hora, ponto_id) VALUES (577, '21:01', 18);
INSERT INTO horario(_id, hora, ponto_id) VALUES (578, '21:21', 18);
INSERT INTO horario(_id, hora, ponto_id) VALUES (579, '21:41', 18);
INSERT INTO horario(_id, hora, ponto_id) VALUES (580, '22:01', 18);
INSERT INTO horario(_id, hora, ponto_id) VALUES (581, '22:21', 18);
INSERT INTO horario(_id, hora, ponto_id) VALUES (582, '22:41', 18);
INSERT INTO horario(_id, hora, ponto_id) VALUES (583, '23:01', 18);
INSERT INTO horario(_id, hora, ponto_id) VALUES (584, '23:25', 18);
INSERT INTO horario(_id, hora, ponto_id) VALUES (585, '23:50', 18);
INSERT INTO ponto(_id, nome, tipo_dia, valido_a_partir_de, linha_id) VALUES (19, 'TERMINAL BOA VISTA', 2, 2007-09-01, 3);
INSERT INTO horario(_id, hora, ponto_id) VALUES (586, '06:05', 19);
INSERT INTO horario(_id, hora, ponto_id) VALUES (587, '06:20', 19);
INSERT INTO horario(_id, hora, ponto_id) VALUES (588, '06:40', 19);
INSERT INTO horario(_id, hora, ponto_id) VALUES (589, '07:00', 19);
INSERT INTO horario(_id, hora, ponto_id) VALUES (590, '07:20', 19);
INSERT INTO horario(_id, hora, ponto_id) VALUES (591, '07:40', 19);
INSERT INTO horario(_id, hora, ponto_id) VALUES (592, '08:00', 19);
INSERT INTO horario(_id, hora, ponto_id) VALUES (593, '08:40', 19);
INSERT INTO horario(_id, hora, ponto_id) VALUES (594, '09:20', 19);
INSERT INTO horario(_id, hora, ponto_id) VALUES (595, '10:00', 19);
INSERT INTO horario(_id, hora, ponto_id) VALUES (596, '10:40', 19);
INSERT INTO horario(_id, hora, ponto_id) VALUES (597, '11:20', 19);
INSERT INTO horario(_id, hora, ponto_id) VALUES (598, '11:40', 19);
INSERT INTO horario(_id, hora, ponto_id) VALUES (599, '12:00', 19);
INSERT INTO horario(_id, hora, ponto_id) VALUES (600, '12:20', 19);
INSERT INTO horario(_id, hora, ponto_id) VALUES (601, '12:40', 19);
INSERT INTO horario(_id, hora, ponto_id) VALUES (602, '13:00', 19);
INSERT INTO horario(_id, hora, ponto_id) VALUES (603, '13:20', 19);
INSERT INTO horario(_id, hora, ponto_id) VALUES (604, '14:00', 19);
INSERT INTO horario(_id, hora, ponto_id) VALUES (605, '14:40', 19);
INSERT INTO horario(_id, hora, ponto_id) VALUES (606, '15:20', 19);
INSERT INTO horario(_id, hora, ponto_id) VALUES (607, '16:00', 19);
INSERT INTO horario(_id, hora, ponto_id) VALUES (608, '16:40', 19);
INSERT INTO horario(_id, hora, ponto_id) VALUES (609, '17:20', 19);
INSERT INTO horario(_id, hora, ponto_id) VALUES (610, '18:00', 19);
INSERT INTO horario(_id, hora, ponto_id) VALUES (611, '18:40', 19);
INSERT INTO horario(_id, hora, ponto_id) VALUES (612, '19:20', 19);
INSERT INTO horario(_id, hora, ponto_id) VALUES (613, '20:00', 19);
INSERT INTO horario(_id, hora, ponto_id) VALUES (614, '20:40', 19);
INSERT INTO horario(_id, hora, ponto_id) VALUES (615, '21:20', 19);
INSERT INTO horario(_id, hora, ponto_id) VALUES (616, '22:00', 19);
INSERT INTO horario(_id, hora, ponto_id) VALUES (617, '22:40', 19);
INSERT INTO horario(_id, hora, ponto_id) VALUES (618, '23:30', 19);
INSERT INTO horario(_id, hora, ponto_id) VALUES (619, '00:15', 19);
INSERT INTO ponto(_id, nome, tipo_dia, valido_a_partir_de, linha_id) VALUES (20, 'BAIRRO ABAETE', 2, 2007-09-01, 3);
INSERT INTO horario(_id, hora, ponto_id) VALUES (620, '05:45', 20);
INSERT INTO horario(_id, hora, ponto_id) VALUES (621, '06:00', 20);
INSERT INTO horario(_id, hora, ponto_id) VALUES (622, '06:20', 20);
INSERT INTO horario(_id, hora, ponto_id) VALUES (623, '06:40', 20);
INSERT INTO horario(_id, hora, ponto_id) VALUES (624, '07:00', 20);
INSERT INTO horario(_id, hora, ponto_id) VALUES (625, '07:20', 20);
INSERT INTO horario(_id, hora, ponto_id) VALUES (626, '07:40', 20);
INSERT INTO horario(_id, hora, ponto_id) VALUES (627, '08:00', 20);
INSERT INTO horario(_id, hora, ponto_id) VALUES (628, '08:20', 20);
INSERT INTO horario(_id, hora, ponto_id) VALUES (629, '09:00', 20);
INSERT INTO horario(_id, hora, ponto_id) VALUES (630, '09:40', 20);
INSERT INTO horario(_id, hora, ponto_id) VALUES (631, '10:20', 20);
INSERT INTO horario(_id, hora, ponto_id) VALUES (632, '11:00', 20);
INSERT INTO horario(_id, hora, ponto_id) VALUES (633, '11:40', 20);
INSERT INTO horario(_id, hora, ponto_id) VALUES (634, '12:00', 20);
INSERT INTO horario(_id, hora, ponto_id) VALUES (635, '12:20', 20);
INSERT INTO horario(_id, hora, ponto_id) VALUES (636, '12:40', 20);
INSERT INTO horario(_id, hora, ponto_id) VALUES (637, '13:00', 20);
INSERT INTO horario(_id, hora, ponto_id) VALUES (638, '13:20', 20);
INSERT INTO horario(_id, hora, ponto_id) VALUES (639, '13:40', 20);
INSERT INTO horario(_id, hora, ponto_id) VALUES (640, '14:20', 20);
INSERT INTO horario(_id, hora, ponto_id) VALUES (641, '15:00', 20);
INSERT INTO horario(_id, hora, ponto_id) VALUES (642, '15:40', 20);
INSERT INTO horario(_id, hora, ponto_id) VALUES (643, '16:20', 20);
INSERT INTO horario(_id, hora, ponto_id) VALUES (644, '17:00', 20);
INSERT INTO horario(_id, hora, ponto_id) VALUES (645, '17:40', 20);
INSERT INTO horario(_id, hora, ponto_id) VALUES (646, '18:20', 20);
INSERT INTO horario(_id, hora, ponto_id) VALUES (647, '19:00', 20);
INSERT INTO horario(_id, hora, ponto_id) VALUES (648, '19:40', 20);
INSERT INTO horario(_id, hora, ponto_id) VALUES (649, '20:20', 20);
INSERT INTO horario(_id, hora, ponto_id) VALUES (650, '21:00', 20);
INSERT INTO horario(_id, hora, ponto_id) VALUES (651, '21:40', 20);
INSERT INTO horario(_id, hora, ponto_id) VALUES (652, '22:20', 20);
INSERT INTO horario(_id, hora, ponto_id) VALUES (653, '23:10', 20);
INSERT INTO horario(_id, hora, ponto_id) VALUES (654, '23:50', 20);
INSERT INTO ponto(_id, nome, tipo_dia, valido_a_partir_de, linha_id) VALUES (21, 'TERMINAL BOA VISTA', 3, 2007-09-02, 3);
INSERT INTO horario(_id, hora, ponto_id) VALUES (655, '06:35', 21);
INSERT INTO horario(_id, hora, ponto_id) VALUES (656, '07:20', 21);
INSERT INTO horario(_id, hora, ponto_id) VALUES (657, '08:00', 21);
INSERT INTO horario(_id, hora, ponto_id) VALUES (658, '08:40', 21);
INSERT INTO horario(_id, hora, ponto_id) VALUES (659, '09:20', 21);
INSERT INTO horario(_id, hora, ponto_id) VALUES (660, '10:00', 21);
INSERT INTO horario(_id, hora, ponto_id) VALUES (661, '10:40', 21);
INSERT INTO horario(_id, hora, ponto_id) VALUES (662, '11:20', 21);
INSERT INTO horario(_id, hora, ponto_id) VALUES (663, '12:00', 21);
INSERT INTO horario(_id, hora, ponto_id) VALUES (664, '12:40', 21);
INSERT INTO horario(_id, hora, ponto_id) VALUES (665, '13:20', 21);
INSERT INTO horario(_id, hora, ponto_id) VALUES (666, '14:00', 21);
INSERT INTO horario(_id, hora, ponto_id) VALUES (667, '14:40', 21);
INSERT INTO horario(_id, hora, ponto_id) VALUES (668, '15:20', 21);
INSERT INTO horario(_id, hora, ponto_id) VALUES (669, '16:00', 21);
INSERT INTO horario(_id, hora, ponto_id) VALUES (670, '16:40', 21);
INSERT INTO horario(_id, hora, ponto_id) VALUES (671, '17:20', 21);
INSERT INTO horario(_id, hora, ponto_id) VALUES (672, '18:00', 21);
INSERT INTO horario(_id, hora, ponto_id) VALUES (673, '18:40', 21);
INSERT INTO horario(_id, hora, ponto_id) VALUES (674, '19:20', 21);
INSERT INTO horario(_id, hora, ponto_id) VALUES (675, '20:00', 21);
INSERT INTO horario(_id, hora, ponto_id) VALUES (676, '20:40', 21);
INSERT INTO horario(_id, hora, ponto_id) VALUES (677, '21:20', 21);
INSERT INTO horario(_id, hora, ponto_id) VALUES (678, '22:00', 21);
INSERT INTO horario(_id, hora, ponto_id) VALUES (679, '22:40', 21);
INSERT INTO horario(_id, hora, ponto_id) VALUES (680, '23:30', 21);
INSERT INTO horario(_id, hora, ponto_id) VALUES (681, '00:15', 21);
INSERT INTO ponto(_id, nome, tipo_dia, valido_a_partir_de, linha_id) VALUES (22, 'BAIRRO ABAETE', 3, 2007-09-02, 3);
INSERT INTO horario(_id, hora, ponto_id) VALUES (682, '06:10', 22);
INSERT INTO horario(_id, hora, ponto_id) VALUES (683, '07:00', 22);
INSERT INTO horario(_id, hora, ponto_id) VALUES (684, '07:40', 22);
INSERT INTO horario(_id, hora, ponto_id) VALUES (685, '08:20', 22);
INSERT INTO horario(_id, hora, ponto_id) VALUES (686, '09:00', 22);
INSERT INTO horario(_id, hora, ponto_id) VALUES (687, '09:40', 22);
INSERT INTO horario(_id, hora, ponto_id) VALUES (688, '10:20', 22);
INSERT INTO horario(_id, hora, ponto_id) VALUES (689, '11:00', 22);
INSERT INTO horario(_id, hora, ponto_id) VALUES (690, '11:40', 22);
INSERT INTO horario(_id, hora, ponto_id) VALUES (691, '12:20', 22);
INSERT INTO horario(_id, hora, ponto_id) VALUES (692, '13:00', 22);
INSERT INTO horario(_id, hora, ponto_id) VALUES (693, '13:40', 22);
INSERT INTO horario(_id, hora, ponto_id) VALUES (694, '14:20', 22);
INSERT INTO horario(_id, hora, ponto_id) VALUES (695, '15:00', 22);
INSERT INTO horario(_id, hora, ponto_id) VALUES (696, '15:40', 22);
INSERT INTO horario(_id, hora, ponto_id) VALUES (697, '16:20', 22);
INSERT INTO horario(_id, hora, ponto_id) VALUES (698, '17:00', 22);
INSERT INTO horario(_id, hora, ponto_id) VALUES (699, '17:40', 22);
INSERT INTO horario(_id, hora, ponto_id) VALUES (700, '18:20', 22);
INSERT INTO horario(_id, hora, ponto_id) VALUES (701, '19:00', 22);
INSERT INTO horario(_id, hora, ponto_id) VALUES (702, '19:40', 22);
INSERT INTO horario(_id, hora, ponto_id) VALUES (703, '20:20', 22);
INSERT INTO horario(_id, hora, ponto_id) VALUES (704, '21:00', 22);
INSERT INTO horario(_id, hora, ponto_id) VALUES (705, '21:40', 22);
INSERT INTO horario(_id, hora, ponto_id) VALUES (706, '22:20', 22);
INSERT INTO horario(_id, hora, ponto_id) VALUES (707, '23:10', 22);
INSERT INTO horario(_id, hora, ponto_id) VALUES (708, '23:50', 22);
